Company Name,Industry,Symbol,Series,ISIN Code
ACC Ltd.,CEMENT & CEMENT PRODUCTS,ACC,EQ,INE012A01025
Adani Ports and Special Economic Zone Ltd.,SERVICES,ADANIPORTS,EQ,INE742F01042
Ambuja Cements Ltd.,CEMENT & CEMENT PRODUCTS,AMBUJACEM,EQ,INE079A01024
Asian Paints Ltd.,CONSUMER GOODS,ASIANPAINT,EQ,INE021A01026
Aurobindo Pharma Ltd.,PHARMA,AUROPHARMA,EQ,INE406A01037
Axis Bank Ltd.,FINANCIAL SERVICES,AXISBANK,EQ,INE238A01034
Bajaj Auto Ltd.,AUTOMOBILE,BAJAJ-AUTO,EQ,INE917I01010
Bank of Baroda,FINANCIAL SERVICES,BANKBARODA,EQ,INE028A01039
Bharat Petroleum Corporation Ltd.,ENERGY,BPCL,EQ,INE029A01011
Bharti Airtel Ltd.,TELECOM,BHARTIARTL,EQ,INE397D01024
Bharti Infratel Ltd.,TELECOM,INFRATEL,EQ,INE121J01017
Bosch Ltd.,AUTOMOBILE,BOSCHLTD,EQ,INE323A01026
Cipla Ltd.,PHARMA,CIPLA,EQ,INE059A01026
Coal India Ltd.,METALS,COALINDIA,EQ,INE522F01014
Dr. Reddy's Laboratories Ltd.,PHARMA,DRREDDY,EQ,INE089A01023
Eicher Motors Ltd.,AUTOMOBILE,EICHERMOT,EQ,INE066A01013
GAIL (India) Ltd.,ENERGY,GAIL,EQ,INE129A01019
HCL Technologies Ltd.,IT,HCLTECH,EQ,INE860A01027
HDFC Bank Ltd.,FINANCIAL SERVICES,HDFCBANK,EQ,INE040A01026
Hero MotoCorp Ltd.,AUTOMOBILE,HEROMOTOCO,EQ,INE158A01026
Hindalco Industries Ltd.,METALS,HINDALCO,EQ,INE038A01020
Hindustan Unilever Ltd.,CONSUMER GOODS,HINDUNILVR,EQ,INE030A01027
Housing Development Finance Corporation Ltd.,FINANCIAL SERVICES,HDFC,EQ,INE001A01036
I T C Ltd.,CONSUMER GOODS,ITC,EQ,INE154A01025
ICICI Bank Ltd.,FINANCIAL SERVICES,ICICIBANK,EQ,INE090A01021
Indiabulls Housing Finance Ltd.,FINANCIAL SERVICES,IBULHSGFIN,EQ,INE148I01020
Indian Oil Corporation Ltd.,ENERGY,IOC,EQ,INE242A01010
IndusInd Bank Ltd.,FINANCIAL SERVICES,INDUSINDBK,EQ,INE095A01012
Infosys Ltd.,IT,INFY,EQ,INE009A01021
Kotak Mahindra Bank Ltd.,FINANCIAL SERVICES,KOTAKBANK,EQ,INE237A01028
Larsen & Toubro Ltd.,CONSTRUCTION,LT,EQ,INE018A01030
Lupin Ltd.,PHARMA,LUPIN,EQ,INE326A01037
Mahindra & Mahindra Ltd.,AUTOMOBILE,M&M,EQ,INE101A01026
Maruti Suzuki India Ltd.,AUTOMOBILE,MARUTI,EQ,INE585B01010
NTPC Ltd.,ENERGY,NTPC,EQ,INE733E01010
Oil & Natural Gas Corporation Ltd.,ENERGY,ONGC,EQ,INE213A01029
Power Grid Corporation of India Ltd.,ENERGY,POWERGRID,EQ,INE752E01010
Reliance Industries Ltd.,ENERGY,RELIANCE,EQ,INE002A01018
State Bank of India,FINANCIAL SERVICES,SBIN,EQ,INE062A01020
Sun Pharmaceutical Industries Ltd.,PHARMA,SUNPHARMA,EQ,INE044A01036
Tata Consultancy Services Ltd.,IT,TCS,EQ,INE467B01029
Tata Motors Ltd DVR,AUTOMOBILE,TATAMTRDVR,EQ,IN9155A01020
Tata Motors Ltd.,AUTOMOBILE,TATAMOTORS,EQ,INE155A01022
Tata Power Co. Ltd.,ENERGY,TATAPOWER,EQ,INE245A01021
Tata Steel Ltd.,METALS,TATASTEEL,EQ,INE081A01012
Tech Mahindra Ltd.,IT,TECHM,EQ,INE669C01036
UltraTech Cement Ltd.,CEMENT & CEMENT PRODUCTS,ULTRACEMCO,EQ,INE481G01011
Vedanta Ltd.,METALS,VEDL,EQ,INE205A01025
Wipro Ltd.,IT,WIPRO,EQ,INE075A01022
Yes Bank Ltd.,FINANCIAL SERVICES,YESBANK,EQ,INE528G01019
Zee Entertainment Enterprises Ltd.,MEDIA & ENTERTAINMENT,ZEEL,EQ,INE256A01028
